,Language,Number of Tokens
0,bn,380.0
1,de,187.0
2,en,163.0
3,es,189.0
4,fr,194.0
5,ja,218.20000000000073
6,ru,207.0
7,sw,214.0
8,te,567.2000000000007
9,th,286.2000000000007
10,zh,188.0
